<?xml version="1.0" encoding="UTF-8"?>
<metadata xml:lang="en"><Esri><CreaDate>20230607</CreaDate><CreaTime>11020700</CreaTime><ArcGISFormat>1.0</ArcGISFormat><SyncOnce>TRUE</SyncOnce><DataProperties><lineage><Process ToolSource="c:\program files (x86)\arcgis\desktop10.8\ArcToolbox\Toolboxes\Conversion Tools.tbx\RasterToPolygon" Date="20230607" Time="110207">RasterToPolygon "C:\Users\khanalna\OneDrive - Michigan State University\Desktop\Naresh Personal\Naresh_thesis\MSC thesis II\GIS\GIS After Meeting June 5\Raster reclassify\bio85" "C:\Users\khanalna\OneDrive - Michigan State University\Desktop\Naresh Personal\Naresh_thesis\MSC thesis II\GIS\GIS After Meeting June 5\Shp files for different classes\1985\bio\biomass85.shp" SIMPLIFY VALUE MULTIPLE_OUTER_PART #</Process></lineage></DataProperties></Esri></metadata>
