<?xml version="1.0" encoding="UTF-8"?>
<metadata xml:lang="en"><Esri><CreaDate>20221005</CreaDate><CreaTime>11083900</CreaTime><ArcGISFormat>1.0</ArcGISFormat><SyncOnce>TRUE</SyncOnce><DataProperties><itemProps><itemLocation><linkage Sync="TRUE">file://\\ANR-FOR208GD-1D\C$\Users\khanalna\OneDrive - Michigan State University\GIS files\FOR 890 Assignments\Assignment 3\HW3\commondata\michigan_shp\Counties_(v17a)</linkage><protocol Sync="TRUE">Local Area Network</protocol></itemLocation></itemProps><copyHistory><copy source="C:\Users\khanalna\OneDrive - Michigan State University\Desktop\Naresh Personal\FOR 890\28 oct\New folder\Michigan_SHP\Counties_(v17a)" dest="\\ANR-FOR208GD-1D\C$\Users\khanalna\OneDrive - Michigan State University\GIS files\FOR 890 Assignments\Assignment 3\HW3\commondata\michigan_shp\Counties_(v17a)" date="20221005" time="11083900"></copy></copyHistory></DataProperties></Esri></metadata>
